iteration,register_count,transaction_ms,processing_ms,work_ms,sleep_requested_ms,period_ms,error
0,12,11.894476,0.139084,12.037495999999999,0.0,,
1,12,11.324796,0.152269,11.478825,0.0,12.056954,
2,12,10.322407,0.109481,10.433617,0.0,11.498826,
3,12,10.0428,0.105641,10.151673,0.0,10.547483,
4,12,11.137996,0.459879,11.599379,0.0,10.169882,
5,12,9.048091,0.112394,9.162598,0.0,11.625461,
6,12,8.113965,0.108265,8.223766000000001,0.0,9.181832,
7,12,8.123054,0.127883,8.252505000000001,0.0,8.241751,
8,12,14.172844,0.240244,14.419265000000001,0.0,8.386148,
9,12,10.583678,0.209521,10.794767,0.0,14.440963,
10,12,11.38765,0.170414,11.559695999999999,0.0,10.817105,
11,12,7.593409,0.111017,7.7060260000000005,0.0,11.580562,
12,12,14.255475,0.126443,14.386783,0.0,7.883577,
13,12,7.620483,0.108169,7.730668,0.0,14.409953,
14,12,7.475639,0.107913,7.585248,0.0,7.75035,
15,12,7.457845,0.097769,7.55715,0.0,7.604258,
16,12,7.593921,0.09396,7.689609,0.0,7.575551,
17,12,7.956384,0.101736,8.059688000000001,0.0,7.709323,
18,12,8.282075,0.103081,8.386692,0.0,8.077258,
19,12,7.649445,0.098761,7.74987,0.0,8.41063,
20,12,7.633092,0.09652,7.7315320000000005,0.0,7.818036,
21,12,7.706315,0.095432,7.804467,0.0,7.839317,
22,12,7.721291,0.107594,7.830356999999999,0.0,7.822805,
23,12,7.799379,0.107433,7.908379999999999,0.0,7.850742,
24,12,7.712907,0.111753,7.8262920000000005,0.0,7.930142,
25,12,7.651558,0.28668,7.939742,0.0,7.844278,
26,12,11.354174,0.108074,11.46388,0.0,7.962592,
27,12,7.67652,0.104617,7.782737,0.0,11.482953,
28,12,8.601078,0.661272,9.263854,0.0,7.799091,
29,12,8.416327,0.182159,8.601654,0.0,9.281199,
30,12,10.899768,0.134859,11.036674999999999,0.0,8.693278,
31,12,7.887129,0.100617,7.989571000000001,0.0,11.096648,
32,12,7.846231,0.244212,8.091915,0.0,8.006212,
33,12,7.779633,0.137292,7.920221,0.0,8.182771,
34,12,12.16045,0.124171,12.288877,0.0,8.110637,
35,12,7.568063,0.100872,7.670695,0.0,12.308079,
36,12,7.728844,0.099241,7.829653,0.0,7.689705,
37,12,7.791922,0.184111,7.977569,0.0,7.846326,
38,12,11.611156,0.151213,11.764257,0.0,7.998659,
39,12,7.729101,0.90606,8.637657,0.0,11.785731,
40,12,10.660964,0.107017,10.770157000000001,0.0,8.668956,
41,12,7.684584,0.103241,7.791986,0.0,10.88223,
42,12,8.485132,0.115402,8.602485999999999,0.0,7.883034,
43,12,7.947135,0.102664,8.051815,0.0,8.62252,
44,12,10.664196,0.162158,10.828114,0.0,8.072521,
45,12,8.233687,0.094376,8.329727,0.0,10.84994,
46,12,8.620439,0.104521,8.726561,0.0,8.347552,
47,12,9.013112,0.102377,9.118529,0.0,8.80884,
48,12,8.066504,0.114282,8.182739,0.0,9.144995,
49,12,7.649157,0.105193,7.7570060000000005,0.0,8.205589,
50,12,8.142927,0.104744,8.249335,0.0,7.778032,
51,12,9.023929,0.098537,9.124162,0.0,8.270425,
52,12,7.802258,0.106185,7.910299000000001,0.0,9.140227,
53,12,7.63642,0.095016,7.733036,0.0,7.925501,
54,12,7.751662,0.181168,7.934462,0.0,7.749325,
55,12,9.349525,0.102825,9.454558,0.0,7.952479,
56,12,7.933854,0.097288,8.032869999999999,0.0,9.474335,
57,12,7.885177,0.094472,7.981248999999999,0.0,8.052904,
58,12,9.623788,0.104617,9.730005,0.0,7.999138,
59,12,7.821876,0.094664,7.918748,0.0,9.754391,
60,12,7.484279,0.098056,7.585375,0.0,7.997731,
61,12,7.642724,0.100873,7.745133,0.0,7.599777,
62,12,7.842837,0.135884,7.980384999999999,0.0,7.765807,
63,12,8.34272,0.10052,8.445319999999999,0.0,8.002115,
64,12,7.888089,0.432741,8.322462,0.0,8.462378,
65,12,9.567335,0.101576,9.670864,0.0,8.345887,
66,12,7.730732,0.099401,7.832693,0.0,9.691826,
67,12,7.696906,0.106473,7.806291,0.0,7.851318,
68,12,7.550013,0.110794,7.662567,0.0,7.825044,
69,12,7.468662,0.115562,7.586528,0.0,7.686697,
70,12,8.820232,0.122186,8.944178,0.0,7.612098,
71,12,7.60941,0.135116,7.746446,0.0,8.96898,
72,12,7.659366,0.105993,7.767119,0.0,7.77128,
73,12,8.790693,0.117898,8.912208,0.0,7.879928,
74,12,8.798503,0.104648,8.905102999999999,0.0,8.937394,
75,12,7.540732,0.151532,7.695208999999999,0.0,8.928177,
76,12,7.825204,0.125546,7.9527030000000005,0.0,7.718955,
77,12,8.059944,0.112906,8.174546,0.0,7.976513,
78,12,8.621207,0.107049,8.729951999999999,0.0,8.198036,
79,12,9.187303,0.112394,9.301521,0.0,8.75261,
80,12,7.979393,0.102985,8.08417,0.0,9.327219,
81,12,7.538524,0.099976,7.640292,0.0,8.106668,
82,12,7.468438,0.09236,7.562622,0.0,7.660934,
83,12,10.714248,0.101417,10.817585,0.0,7.579071,
84,12,9.152708,0.10436,9.258700999999999,0.0,10.83893,
85,12,8.400837,0.134539,8.53704,0.0,9.280623,
86,12,10.241024,0.227091,10.471155,0.0,8.618487,
87,12,8.933842,0.243508,9.179526000000001,0.0,10.504054,
88,12,9.685425,0.115306,9.802747,0.0,9.205609,
89,12,7.634052,0.113001,7.7490049999999995,0.0,9.829437,
90,12,11.038051,0.116138,11.15627,0.0,7.773711,
91,12,8.84081,0.109289,8.954643,0.0,11.28076,
92,12,7.728524,0.114922,7.845974,0.0,8.977653,
93,12,10.035983,0.108297,10.146136,0.0,7.868152,
94,12,7.588224,0.116522,7.707946000000001,0.0,10.170874,
95,12,7.658726,0.104329,7.764751,0.0,7.72846,
96,12,7.618562,0.106857,7.7280120000000005,0.0,7.784784,
97,12,7.724012,0.136875,7.862551000000001,0.0,7.749422,
98,12,7.818164,0.101224,7.921276,0.0,7.882361,
99,12,7.685993,0.112745,7.8017140000000005,0.0,8.016292,
100,12,7.637764,0.107817,7.747853,0.0,7.821972,
101,12,7.818964,0.187343,8.008035,0.0,7.766415,
102,12,7.654598,0.111465,7.771375,0.0,8.025413,
103,12,13.108978,2.062798,15.173407999999998,0.0,7.790577,
104,12,7.921628,0.156333,8.08145,0.0,15.200898,
105,12,8.274394,0.154349,8.430695,0.0,8.106764,
106,12,8.149648,0.127371,8.279131,0.0,8.455145,
107,12,9.138979,0.138796,9.279503,0.0,8.307325,
108,12,7.763983,0.153677,7.920636,0.0,9.304337,
109,12,9.444957,0.110377,9.557606,0.0,7.992002,
110,12,7.861975,0.100681,7.964768,0.0,9.581064,
111,12,7.640164,0.178,7.820244000000001,0.0,7.98813,
112,12,7.473751,0.222898,7.700201,0.0,7.860535,
113,12,7.890682,0.159053,8.053543,0.0,7.720651,
114,12,8.575731,0.101064,8.679548,0.0,8.076073,
115,12,7.99005,0.103689,8.095851,0.0,8.697342,
116,12,7.594784,0.101577,7.699593999999999,0.0,8.114092,
117,12,7.632419,0.105385,7.740333000000001,0.0,7.717163,
118,12,7.844438,0.119114,7.965824,0.0,7.759695,
119,12,7.874392,0.163214,8.040007,0.0,7.986241,
120,12,7.779376,0.109993,7.891897,0.0,8.062665,
121,12,7.784881,0.141164,7.929885,0.0,7.911163,
122,12,13.127251,0.111337,13.241437,0.0,7.948318,
123,12,7.996322,0.100745,8.099852,0.0,13.267455,
124,12,8.049799,0.109385,8.162896,0.0,8.123918,
125,12,9.656303,0.103656,9.769144,0.0,8.959443,
126,12,10.35985,0.104616,10.466417999999999,0.0,9.795259,
127,12,8.628056,0.104297,8.734337,0.0,10.493653,
128,12,8.087594,0.642454,8.73248,0.0,8.759043,
129,12,7.898427,0.110441,8.012068000000001,0.0,8.75501,
130,12,7.662374,0.095944,7.760494,0.0,8.034726,
131,12,7.973409,0.111433,8.086794,0.0,7.782128,
132,12,7.774256,0.099144,7.875992,0.0,8.105644,
133,12,7.757263,0.185455,7.945182,0.0,7.896378,
134,12,8.141519,0.120618,8.264377,0.0,7.969568,
135,12,8.735552,0.109866,8.847467,0.0,8.289531,
136,12,9.255276,0.230324,9.487904,0.0,8.868525,
137,12,16.362852,0.105449,16.471085,0.0,9.521763,
138,12,8.424039,0.712188,9.139747,0.0,16.589271,
139,12,10.899704,0.588881,11.491753000000001,0.0,9.166373,
140,12,7.824084,0.099177,7.925789000000001,0.0,11.523084,
141,12,8.25756,1.030007,9.290096,0.0,7.947294,
142,12,9.565799,0.160173,9.728788,0.0,9.322611,
143,12,7.852983,0.104296,7.959167,0.0,9.74863,
144,12,7.581728,0.103848,7.687912,0.0,7.976129,
145,12,7.654118,0.123626,7.779952,0.0,7.70609,
146,12,8.386819,0.104009,8.492972,0.0,7.798258,
147,12,7.679047,0.109386,7.79029,0.0,8.509197,
148,12,9.691218,0.175406,9.868896,0.0,7.807283,
149,12,9.7654,0.113545,9.881761,0.0,9.897987,
150,12,9.259757,0.104649,9.366454,0.0,9.906724,
151,12,8.430343,0.104617,8.538096,0.0,9.453085,
152,12,7.756238,0.178479,7.937437,0.0,8.556882,
153,12,7.688264,0.149773,7.840565000000001,0.0,7.955903,
154,12,12.35717,2.018154,14.377372,0.0,7.858903,
155,12,15.133021,0.106569,15.241734,0.0,14.398878,
156,12,8.197971,0.142316,8.34256,0.0,15.260231,
157,12,8.788101,0.104841,8.895567,0.0,8.405893,
158,12,8.030981,0.100616,8.133614000000001,0.0,8.914992,
159,12,8.609014,0.109834,8.720672,0.0,8.151632,
160,12,9.388344,0.120042,9.51053,0.0,8.740257,
161,12,7.743404,0.106089,7.967999,0.0,9.538373,
162,12,8.65929,0.128779,8.789701,0.0,7.988513,
163,12,9.56039,0.106312,9.668558,0.0,8.809863,
164,12,9.36735,0.104649,9.474975,0.0,9.784184,
165,12,11.235475,0.105801,11.343452000000001,0.0,9.53242,
166,12,8.672187,0.103337,8.777188,0.0,11.360957,
167,12,7.898137,0.109002,8.009027,0.0,8.793958,
168,12,11.26927,0.114313,11.386687,0.0,8.42423,
169,12,10.467827,0.120298,10.590205000000001,0.0,11.408225,
170,12,11.15358,0.220211,11.376735,0.0,10.616959,
171,12,7.770351,0.107529,7.8808560000000005,0.0,11.41453,
172,12,7.50188,0.149164,7.653093,0.0,7.903994,
173,12,13.066574,7.486711,20.555844999999998,0.0,7.672647,
174,12,8.186322,0.135371,8.326205999999999,0.0,20.647532,
175,12,8.236471,0.111369,8.350688,0.0,8.349472,
176,12,7.557117,0.097256,7.656261,0.0,8.36957,
177,12,7.954239,0.107913,8.0658,0.0,7.736396,
178,12,7.591424,0.103369,7.696841,0.0,8.085257,
179,12,7.694344,0.099721,7.796433,0.0,7.715467,
180,12,8.529518,0.113098,8.644568999999999,0.0,7.815634,
181,12,7.574783,0.113449,7.690696,0.0,8.667931,
182,12,7.649637,0.103593,7.755470000000001,0.0,7.71153,
183,12,7.610945,0.141548,7.755566,0.0,7.776687,
184,12,8.259864,0.103369,8.365473,0.0,7.775952,
185,12,7.937085,0.153965,8.093578,0.0,8.385155,
186,12,7.83426,0.122827,7.959807,0.0,8.117676,
187,12,7.853622,0.109385,7.965215,0.0,7.979937,
188,12,7.704041,0.111594,7.817363000000001,0.0,7.988769,
189,12,7.683111,0.141548,7.827027999999999,0.0,7.836852,
190,12,8.409925,0.158029,8.570258,0.0,7.847862,
191,12,8.245847,0.117066,8.366976999999999,0.0,8.63356,
192,12,10.55801,0.103081,10.663043,0.0,8.392419,
193,12,8.858218,0.100137,8.960980000000001,0.0,10.68282,
194,12,7.836981,0.107561,7.946653999999999,0.0,9.024601,
195,12,8.256184,0.106697,8.365153,0.0,7.970752,
196,12,7.906234,0.104169,8.012804000000001,0.0,8.392739,
197,12,9.487552,0.277943,9.767735,0.0,8.038182,
198,12,10.399725,0.100456,10.502933,0.0,9.798074,
199,12,8.007107,0.109833,8.119148,0.0,10.525975,
200,12,7.802225,0.118154,7.92278,0.0,8.144462,
201,12,10.23395,0.109386,10.3458,0.0,7.950239,
202,12,8.381698,0.125931,8.509805,0.0,10.371338,
203,12,7.60941,0.111881,7.725835,0.0,8.605141,
204,12,7.504153,0.109385,7.61597,0.0,7.744781,
205,12,8.021188,0.099496,8.1235,0.0,7.639076,
206,12,8.263065,0.106889,8.373858,0.0,8.142958,
207,12,10.362633,0.113258,10.478674999999999,0.0,8.394276,
208,12,11.452677,0.20933,11.664823,0.0,10.499061,
209,12,8.06724,0.110346,8.180594,0.0,11.738525,
210,12,10.825296,0.115018,10.942874999999999,0.0,8.202643,
211,12,14.875206,0.108041,14.986223,0.0,10.964637,
212,12,7.704873,0.563344,8.270520999999999,0.0,15.007857,
213,12,8.814599,0.103433,8.9212,0.0,8.298779,
214,12,9.693329,0.225171,9.920867999999999,0.0,8.941778,
215,12,8.109164,0.131019,8.243159,0.0,9.942502,
216,12,8.212852,0.297689,8.514572999999999,0.0,8.32803,
217,12,7.755885,0.196817,7.955423,0.0,8.536047,
218,12,7.870552,0.145164,8.018692,0.0,8.006595,
219,12,8.13339,0.129803,8.265945,0.0,8.039718,
220,12,9.602377,0.112746,9.717908000000001,0.0,8.28809,
221,12,8.889677,0.105641,8.999127000000001,0.0,9.738677,
222,12,8.306684,0.112489,8.421606,0.0,9.019384,
223,12,7.986594,0.294232,8.296955,0.0,17.256687,
224,12,7.657894,0.109225,7.769359,0.0,8.317853,
225,12,16.145713,0.108297,16.25689,0.0,7.790865,
226,12,9.839837,0.115338,9.957159,0.0,16.277692,
227,12,7.879224,0.279544,8.161264,0.0,9.978057,
228,12,15.075447,0.118282,15.196064999999999,0.0,8.184594,
229,12,10.856915,0.174062,11.03501,0.0,15.33342,
230,12,14.99672,0.107017,15.107449,0.0,11.055652,
231,12,8.029253,0.118346,8.150095,0.0,15.126971,
232,12,7.604161,0.109257,7.716106,0.0,8.172753,
233,12,9.273326,0.103145,9.380919,0.0,7.735212,
234,12,7.501656,0.108361,7.612513,0.0,9.404601,
235,12,7.850038,0.154349,8.007107,0.0,7.631779,
236,12,7.815571,0.102504,7.920475,0.0,8.029957,
237,12,7.592576,0.18216,7.777456,0.0,7.941629,
238,12,7.827028,0.110697,7.940221000000001,0.0,7.843061,
239,12,7.861367,0.106985,7.970336,0.0,7.959487,
240,12,9.177125,0.212498,9.392055,0.0,7.992258,
241,12,7.59712,0.105065,7.7051300000000005,0.0,9.415801,
242,12,7.624515,0.114122,7.7437570000000004,0.0,7.919196,
243,12,7.544187,0.230388,7.777296000000001,0.0,7.764302,
244,12,8.23903,0.211698,8.452808,0.0,7.797874,
245,12,8.68662,0.103209,8.792101,0.0,8.470506,
246,12,7.873048,0.103785,7.980289,0.0,8.809478,
247,12,7.760782,0.100648,7.86431,0.0,8.025541,
248,12,8.35584,0.101065,8.459081,0.0,7.882744,
249,12,7.626851,0.098024,7.7272110000000005,0.0,8.478443,
250,12,7.699273,0.099368,7.8009129999999995,0.0,7.748365,
251,12,7.789969,0.170478,7.962910999999999,0.0,7.817907,
252,12,7.699465,0.111849,7.813618,0.0,7.984321,
253,12,8.182834,0.116842,8.30198,0.0,7.835604,
254,12,7.846677,0.11441,7.963199,0.0,8.323358,
255,12,7.713226,0.110345,7.826194999999999,0.0,7.983681,
256,12,8.438792,0.107273,8.548721,0.0,7.846677,
257,12,8.806822,0.130219,8.939665,0.0,8.571539,
258,12,7.597857,0.111209,7.711178,0.0,8.962611,
259,12,8.583891,0.115114,8.701469,0.0,7.732012,
260,12,7.828628,0.110057,7.940957,0.0,8.723231,
261,12,9.934981,0.174895,10.111732,0.0,7.960255,
262,12,8.726304,0.106185,8.835081,0.0,10.13359,
263,12,7.694984,0.158542,7.855766999999999,0.0,8.855402,
264,12,7.708745,0.109578,7.82098,0.0,7.87644,
265,12,7.570207,0.105672,7.677670999999999,0.0,7.841013,
266,12,8.408549,0.11825,8.528751,0.0,7.698025,
267,12,7.693993,0.112905,7.809874,0.0,8.550673,
268,12,7.638948,0.106473,7.748909,0.0,7.924508,
269,12,9.088286,0.897324,9.98769,0.0,7.769743,
270,12,8.305436,0.342717,8.65209,0.0,10.079569,
271,12,9.089373,0.105609,9.197159,0.0,8.673883,
272,12,8.270105,0.110089,8.381794,0.0,9.217737,
273,12,8.882156,0.156781,9.085917,0.0,8.403204,
274,12,9.677071,0.110409,9.7894,0.0,9.105247,
275,12,7.908314,0.117386,8.02778,0.0,9.80841,
276,12,7.662501,0.110474,7.774927,0.0,8.04903,
277,12,9.290478,0.110346,9.402808,0.0,7.798001,
278,12,9.469918,0.101993,9.573767,0.0,9.423481,
279,12,12.857467,0.151277,13.010376,0.0,9.591464,
280,12,7.771983,0.109385,7.883256,0.0,13.032714,
281,12,7.718026,0.309466,8.030148,0.0,7.967455,
282,12,8.315165,0.214066,8.531119,0.0,8.051878,
283,12,7.494712,0.107369,7.603713,0.0,8.548304,
284,12,7.813298,0.110441,7.926203,0.0,7.639972,
285,12,7.883864,0.104265,7.990241,0.0,7.946173,
286,12,7.997825,0.102953,8.102954,0.0,8.008803,
287,12,8.095626,0.102472,8.20101,0.0,8.122924,
288,12,7.432274,0.144652,7.578686,0.0,8.220564,
289,12,9.359252,0.108394,9.469342000000001,0.0,7.597376,
290,12,8.312189,0.118057,8.431878000000001,0.0,9.489119,
291,12,8.961171,0.111082,9.074205000000001,0.0,8.453672,
292,12,8.559729,0.107882,8.669851,0.0,9.093982,
293,12,8.133421,0.106057,8.24191,0.0,8.686844,
294,12,7.894009,0.103752,8.000834,0.0,8.328861,
295,12,7.609377,0.102761,7.714154,0.0,8.023332,
296,12,7.677862,0.105609,7.7851989999999995,0.0,7.732844,
297,12,8.398788,0.103752,8.504364,0.0,7.805041,
298,12,8.59746,0.102953,8.702365,0.0,8.526094,
299,12,8.151439,0.09972,8.253079,0.0,8.723391,
300,12,7.968223,0.102313,8.073576000000001,0.0,8.272697,
301,12,8.290203,0.119914,8.411717000000001,0.0,8.093449,
302,12,7.733163,0.154125,7.88972,0.0,8.44436,
303,12,7.651556,0.238516,7.940315999999999,0.0,7.907738,
304,12,8.060711,0.119946,8.182417000000001,0.0,7.96163,
305,12,7.884792,0.171663,8.058150999999999,0.0,8.199795,
306,12,7.981985,0.113257,8.097066,0.0,8.077608,
307,12,9.939973,0.104425,10.047854000000001,0.0,8.197971,
308,12,9.059291,0.115178,9.176069,0.0,10.066928,
309,12,7.581279,0.757984,8.340703,0.0,9.19495,
310,12,8.592948,0.10372,8.698908,0.0,8.365473,
311,12,9.423962,0.105737,9.531395,0.0,8.719486,
312,12,7.86751,0.114442,7.9835840000000005,0.0,9.551941,
313,12,7.874999,0.107913,7.984768,0.0,8.004706,
314,12,7.966399,0.108393,8.076616,0.0,8.003234,
315,12,7.909082,0.111306,8.022659999999998,0.0,8.097162,
316,12,8.151695,0.109257,8.262616000000001,0.0,8.041701,
317,12,7.666726,0.109609,7.778063,0.0,8.283002,
318,12,7.701961,0.101192,7.804913,0.0,7.798193,
319,12,7.641348,0.118633,7.761645000000001,0.0,7.823507,
320,12,9.699185,0.109897,9.813178,0.0,7.904218,
321,12,7.537115,0.216498,7.755437,0.0,9.833724,
322,12,15.574687,0.102313,15.680649,0.0,7.793936,
323,12,7.55702,0.106089,7.664998,0.0,15.698442,
324,12,9.888929,0.209522,10.100819000000001,0.0,7.685384,
325,12,10.465554,0.109801,10.577339,0.0,10.129045,
326,12,7.551964,0.098376,7.652165,0.0,10.596444,
327,12,8.577395,0.101864,8.680890999999999,0.0,7.675207,
328,12,8.295547,0.110185,8.407748,0.0,8.700573,
329,12,7.685031,0.567888,8.254839,0.0,8.427878,
330,12,7.542812,0.113705,7.659013,0.0,8.281337,
331,12,7.67287,0.104201,7.778959,0.0,7.677895,
332,12,7.690504,0.106153,7.798545,0.0,7.800881,
333,12,8.47633,0.113129,8.592435,0.0,7.893433,
334,12,7.680583,0.128299,7.811186,0.0,8.612181,
335,12,7.753229,0.104521,7.859573999999999,0.0,7.82978,
336,12,7.657957,0.106633,7.766734,0.0,7.879223,
337,12,9.564742,0.109737,9.676591,0.0,7.786416,
338,12,8.37677,0.112585,8.492042999999999,0.0,9.708658,
339,12,7.867191,0.110217,7.979392,0.0,8.512205,
340,12,9.170084,0.369759,9.542691000000001,0.0,7.999202,
341,12,12.255753,0.175086,12.433143000000001,0.0,9.564357,
342,12,9.767863,0.107401,9.876832,0.0,12.454905,
343,12,8.207059,0.103945,8.312475999999998,0.0,9.894946,
344,12,16.186932,0.104873,16.293501,0.0,8.330493,
345,12,10.981757,0.185616,11.168973000000001,0.0,16.31267,
346,12,7.69668,0.130827,7.830452,0.0,11.208368,
347,12,9.638156,0.121098,9.760854,0.0,7.85247,
348,12,8.032516,3.997105,12.031797000000001,0.0,9.782968,
349,12,8.905647,0.097544,9.005623,0.0,12.057687,
350,12,7.942269,0.103657,8.047654,0.0,9.028441,
351,12,10.419245,1.293229,11.714235,0.0,8.070663,
352,12,9.025912,0.526988,9.554885,0.0,11.740477,
353,12,8.338334,0.120842,8.460936,0.0,9.583272,
354,12,7.496184,0.103336,7.601664,0.0,8.48401,
355,12,7.676774,0.103977,7.7826070000000005,0.0,7.627011,
356,12,7.935261,0.107785,8.045286,0.0,7.844692,
357,12,7.779407,0.104457,7.88636,0.0,8.065192,
358,12,9.484735,0.107689,9.594536000000002,0.0,7.903129,
359,12,7.823123,0.105353,7.93174,0.0,9.671535,
360,12,9.648492,0.179727,9.830108000000001,0.0,7.948925,
361,12,8.843272,0.116266,8.961875,0.0,9.854174,
362,12,8.088842,0.101352,8.192274,0.0,8.986069,
363,12,7.700649,0.104488,7.807025,0.0,8.21058,
364,12,8.088618,0.145964,8.236694,0.0,7.829523,
365,12,7.937596,0.104809,8.045285,0.0,8.255544,
366,12,7.822515,0.191376,8.015971,0.0,8.066503,
367,12,7.861783,0.102792,7.966719,0.0,8.039557,
368,12,7.643492,0.151149,7.7964970000000005,0.0,7.987009,
369,12,7.644292,0.104456,7.750732,0.0,7.819507,
370,12,7.64266,0.114794,7.759277999999999,0.0,7.773966,
371,12,7.637571,0.107561,7.746924,0.0,7.7796,
372,12,7.871447,0.1026,7.976927999999999,0.0,7.834963,
373,12,7.722507,0.122346,7.847733000000001,0.0,7.995042,
374,12,7.967871,0.100072,8.074536,0.0,7.865654,
375,12,15.896763,0.158893,16.057223999999998,0.0,8.089834,
376,12,10.30394,0.105192,10.411149,0.0,16.08401,
377,12,7.886425,0.113641,8.00301,0.0,10.433103,
378,12,7.677831,0.106249,7.785776,0.0,8.024164,
379,12,11.815075,0.11601,11.933069,0.0,7.856502,
380,12,14.75145,0.112298,14.865668,0.0,11.954415,
381,12,7.869847,0.423779,8.29561,0.0,14.888614,
382,12,7.515673,0.11969,7.637475,0.0,8.322973,
383,12,7.900826,0.105545,8.008322999999999,0.0,7.661925,
384,12,7.956509,0.108074,8.066663,0.0,8.030565,
385,12,8.602356,0.148876,8.753793,0.0,8.195761,
386,12,8.06007,0.116426,8.179248,0.0,8.794341,
387,12,10.216316,0.184239,10.402155,0.0,8.199954,
388,12,9.606313,0.12097,9.729011,0.0,10.422157,
389,12,8.54984,0.103657,8.655065,0.0,9.746676,
390,12,7.992833,0.281816,8.276249,0.0,8.673594,
391,12,7.885367,0.11265,7.999586,0.0,8.294458,
392,12,13.133873,0.111658,13.247579,0.0,8.020484,
393,12,8.392994,0.324187,8.719581,0.0,13.306784,
394,12,8.305691,0.135435,8.444261999999998,0.0,8.817734,
395,12,7.677766,0.10833,7.7877279999999995,0.0,8.463976,
396,12,7.48527,0.141644,7.628801999999999,0.0,7.808305,
397,12,7.844948,0.098665,7.945404999999999,0.0,7.64618,
398,12,12.104891,0.131691,12.239782,0.0,8.031012,
399,12,7.801073,0.100744,7.904761,0.0,12.26228,
400,12,10.550424,0.114025,10.666561,0.0,7.922811,
401,12,11.195342,0.11921,11.316793,0.0,10.688643,
402,12,7.840884,0.116233,7.959229,0.0,11.337691,
403,12,7.756845,0.149325,7.908378000000001,0.0,7.979615,
404,12,7.770126,0.112777,7.884663,0.0,7.92902,
405,12,7.951677,0.120715,8.074152,0.0,7.905721,
406,12,7.777294,0.110826,7.890360000000001,0.0,8.099882,
407,12,7.592863,0.105929,7.701096,0.0,7.950045,
408,12,7.640899,0.175823,7.818514,0.0,7.71905,
409,12,7.619553,0.300313,7.922778999999999,0.0,7.839443,
410,12,7.564061,0.14126,7.707465,0.0,7.946365,
411,12,10.500244,0.107081,10.611740999999999,0.0,7.886744,
412,12,7.65466,0.10961,7.767246,0.0,10.631583,
413,12,8.036965,0.115081,8.153901999999999,0.0,7.786447,
414,12,7.691656,0.140492,7.83442,0.0,8.174096,
415,12,7.667141,0.154669,7.8239220000000005,0.0,7.857878,
416,12,7.953309,0.146445,8.102954,0.0,7.951325,
417,12,13.156883,0.151885,13.310784000000002,0.0,8.124172,
418,12,8.315132,0.658167,8.975090999999999,0.0,13.334434,
419,12,9.738548,0.235476,9.976584,0.0,8.998933,
420,12,8.086601,0.100904,8.190641,0.0,9.998026,
421,12,7.662373,0.110217,7.775182,0.0,8.210643,
422,12,8.314684,0.108393,8.424997,0.0,7.79496,
423,12,7.501111,0.104713,7.607743999999999,0.0,8.443559,
424,12,8.300187,0.209937,8.513036,0.0,7.689799,
425,12,7.911002,0.104713,8.018083,0.0,8.566705,
426,12,9.425946,0.105353,9.533251,0.0,8.036068,
427,12,7.381453,0.140972,7.524218,0.0,9.554756,
428,12,8.647128,0.099816,8.748736,0.0,7.540987,
429,12,7.823155,0.18904,8.014947,0.0,8.766786,
430,12,7.596576,0.107049,7.705609000000001,0.0,8.035268,
431,12,7.53753,0.114986,7.654437,0.0,7.725066,
432,12,7.853205,0.098728,7.953886000000001,0.0,7.675142,
433,12,7.585342,0.093064,7.680007,0.0,7.972479,
434,12,7.784783,0.103336,7.889784000000001,0.0,7.698824,
435,12,8.001826,0.242356,8.245846,0.0,7.910426,
436,12,11.010175,0.108361,11.120328,0.0,8.267384,
437,12,8.005954,0.097576,8.107723,0.0,11.303511,
438,12,8.267416,0.09876,8.368096,0.0,8.127469,
439,12,8.767138,0.145517,8.914575,0.0,8.433157,
440,12,14.886597,0.237236,15.126137,0.0,8.938321,
441,12,8.351807,0.110249,8.463945,0.0,15.14649,
442,12,8.461992,0.108649,8.572529000000001,0.0,8.485227,
443,12,8.409348,0.113898,8.52523,0.0,8.594291,
444,12,8.017283,0.221715,8.241078,0.0,8.543983,
445,12,8.551664,0.114761,8.669145,0.0,8.263032,
446,12,7.629314,0.181488,7.813041999999999,0.0,8.691067,
447,12,8.629878,0.151533,8.78842,0.0,8.720318,
448,12,8.49249,0.117322,8.611733,0.0,8.808485,
449,12,7.956606,0.114345,8.115691,0.0,8.633847,
450,12,10.00161,0.18904,10.19401,0.0,8.208211,
451,12,8.688667,0.099977,8.790276,0.0,10.214428,
452,12,8.891244,0.119402,9.012182000000001,0.0,8.807557,
453,12,8.48161,0.11569,8.598932,0.0,9.032728,
454,12,9.455676,0.190224,9.647564000000001,0.0,8.620086,
455,12,9.278829,0.123338,9.404887,0.0,9.670126,
456,12,7.693832,0.09972,7.795344,0.0,9.425561,
457,12,9.853917,0.127691,9.983336000000001,0.0,7.814066,
458,12,8.421316,0.102505,8.525742,0.0,10.001929,
459,12,10.406508,0.107657,10.516309,0.0,8.54344,
460,12,7.744844,0.101705,7.848469000000001,0.0,10.535286,
461,12,7.998465,0.114697,8.115563,0.0,7.866966,
462,12,10.678595,0.113834,10.796205,0.0,8.134509,
463,12,15.752782,0.123786,15.883449,0.0,11.244402,
464,12,11.711034,0.128747,11.842437,0.0,15.905499,
465,12,10.057967,3.189868,13.250427,0.0,11.868071,
466,12,8.897389,0.11857,9.018422999999999,0.0,13.281694,
467,12,11.4024,0.09988,11.526666,0.0,9.040889,
468,12,9.395959,0.615827,10.014378,0.0,11.54462,
469,12,8.406691,0.122635,8.531918,0.0,10.040205,
470,12,11.110247,0.105545,11.218992,0.0,8.616757,
471,12,10.416205,0.317402,10.735175,0.0,11.237394,
472,12,8.634103,0.096968,8.734463,0.0,10.755881,
473,12,7.761357,0.393537,8.156462,0.0,8.751745,
474,12,7.548892,0.104296,7.655492,0.0,8.17992,
475,12,8.150126,0.101833,8.253847,0.0,7.673958,
476,12,7.830803,0.111338,7.944509000000001,0.0,8.340542,
477,12,7.687719,0.110409,7.799889,0.0,7.96675,
478,12,8.69878,0.110761,8.812517000000001,0.0,7.818675,
479,12,7.736651,0.106153,7.8449160000000004,0.0,8.832231,
480,12,10.941753,0.129547,11.073091999999999,0.0,7.86559,
481,12,17.443516,0.113226,17.558661999999998,0.0,11.096454,
482,12,12.57405,0.267351,12.843225,0.0,17.579624,
483,12,8.977555,0.194609,9.177605,0.0,13.101422,
484,12,8.21954,0.133803,8.355647000000001,0.0,9.26462,
485,12,9.163396,0.656055,9.821211,0.0,8.377633,
486,12,7.692776,0.115209,7.810385,0.0,9.847389,
487,12,7.639203,0.107689,7.749004,0.0,7.832467,
488,12,7.50444,0.114345,7.620673,0.0,7.768142,
489,12,7.582142,0.187567,7.773549999999999,0.0,7.713033,
490,12,8.284473,0.111625,8.398147,0.0,7.797008,
491,12,7.996513,0.133195,8.131948,0.0,8.417605,
492,12,7.724074,0.172143,7.898041,0.0,8.151854,
493,12,8.44375,0.110217,8.555664,0.0,7.91721,
494,12,10.375689,0.112713,10.490193999999999,0.0,8.57477,
495,12,8.469865,0.158829,8.630614,0.0,10.51106,
496,12,8.594291,0.140012,8.736350999999999,0.0,8.651256,
497,12,8.057862,0.130187,8.189905000000001,0.0,8.756096,
498,12,9.200262,0.117738,9.319888,0.0,8.209651,
499,12,7.576286,0.111625,7.689671000000001,0.0,9.338577,
500,12,7.609312,0.104905,7.7176730000000004,0.0,7.806641,
501,12,7.650051,0.109705,7.761677,0.0,7.735466,
502,12,8.873578,0.142956,9.023031000000001,0.0,8.022691,
503,12,7.775406,0.105897,7.883159000000001,0.0,9.042041,
504,12,8.542735,0.191184,8.736671,0.0,7.902104,
505,12,9.290125,0.141292,9.433304999999999,0.0,8.755777,
506,12,7.859509,0.683546,8.548623,0.0,9.560516,
507,12,8.156718,0.104009,8.263319,0.0,8.572209,
508,12,7.832979,0.240756,8.075527000000001,0.0,8.285785,
509,12,8.114699,0.109001,8.226068,0.0,8.101321,
510,12,7.528889,0.097832,7.628865,0.0,8.247126,
511,12,7.784879,0.098024,7.884887,0.0,7.646659,
512,12,7.72897,0.111945,7.842611,0.0,7.903961,
513,12,8.414499,0.222195,8.639157999999998,0.0,7.859285,
514,12,7.931259,0.109545,8.043141,0.0,8.66732,
515,12,8.378464,0.151629,8.533133999999999,0.0,8.144493,
516,12,9.579814,0.146924,9.728562,0.0,8.553328,
517,12,7.613504,0.107849,7.723529,0.0,9.749012,
518,12,12.122268,0.098024,12.22202,0.0,7.744491,
519,12,9.078268,0.205841,9.285677000000002,0.0,12.242246,
520,12,7.778542,1.875838,9.656268,0.0,9.306159,
521,12,10.650752,1.662347,12.314986999999999,0.0,9.679342,
522,12,7.816465,0.847079,8.665752000000001,0.0,12.340846,
523,12,7.599487,0.093768,7.695462999999999,0.0,8.693435,
524,12,7.586814,0.107913,7.696712,0.0,7.71236,
525,12,8.486057,0.121994,8.610579999999999,0.0,7.715305,
526,12,8.052101,0.11489,8.170288,0.0,8.632982,
527,12,7.679942,0.109673,7.792142999999999,0.0,8.194098,
528,12,8.59573,0.384449,8.983635999999999,0.0,7.879094,
529,12,8.698044,0.21429,8.91547,0.0,9.2258,
530,12,9.954373,0.104169,10.06203,0.0,9.029208,
531,12,8.055781,0.101449,8.159055,0.0,10.081263,
532,12,8.286265,0.100745,8.38861,0.0,8.175184,
533,12,7.680934,0.102409,7.785167,0.0,8.407171,
534,12,7.975039,0.176431,8.153454,0.0,7.807249,
535,12,7.720745,0.102249,7.824754999999999,0.0,8.176463,
536,12,8.543119,0.108713,8.653815999999999,0.0,7.84434,
537,12,7.893208,0.104137,7.999137,0.0,8.67497,
538,12,8.324028,0.119883,8.445607,0.0,8.01773,
539,12,8.796868,0.176846,8.975538,0.0,8.469961,
540,12,8.072423,0.102921,8.178032,0.0,9.003637,
541,12,9.257963,0.111657,9.372276000000001,0.0,8.265367,
542,12,8.217011,0.111625,8.331229,0.0,9.398454,
543,12,8.762561,0.292761,9.057466,0.0,8.355839,
544,12,7.969567,0.134475,8.106250000000001,0.0,9.08454,
545,12,8.531246,0.10164,8.635478,0.0,8.129356,
546,12,7.551835,0.108553,7.662981,0.0,8.659864,
547,12,7.728906,0.107817,7.8389,0.0,7.692295,
548,12,7.766445,0.096712,7.8651729999999995,0.0,7.866326,
549,12,7.427601,0.099016,7.528281000000001,0.0,7.886263,
550,12,7.698312,0.096968,7.797072,0.0,7.547579,
551,12,7.733834,0.099913,7.837426999999999,0.0,7.91369,
552,12,8.762369,0.106953,8.870858,0.0,7.858485,
553,12,7.741227,0.108681,7.851764000000001,0.0,8.894188,
554,12,7.595359,0.126955,7.725066,0.0,7.933659,
555,12,11.392862,0.17227,11.56686,0.0,7.74878,
556,12,7.794639,0.105609,7.902169000000001,0.0,11.590574,
557,12,7.900601,0.110313,8.012801999999999,0.0,7.924219,
558,12,7.806865,0.154957,7.963838000000001,0.0,8.036036,
559,12,10.226396,0.104009,10.335270000000001,0.0,8.067334,
560,12,7.797264,0.098152,7.896983999999999,0.0,10.351111,
561,12,9.082844,0.103848,9.18826,0.0,7.916282,
562,12,7.72177,0.219698,7.943516,0.0,9.20695,
563,12,7.866198,0.110441,7.980031,0.0,7.98608,
564,12,8.1828,0.107817,8.292441,0.0,8.004065,
565,12,8.008161,0.136075,8.146029,0.0,8.315963,
566,12,7.762541,0.106857,7.871670000000001,0.0,8.171024,
567,12,7.916698,0.100648,8.020066,0.0,7.894744,
568,12,7.637506,0.137324,7.7765580000000005,0.0,8.03962,
569,12,8.341725,0.103817,8.448583000000001,0.0,7.795791,
570,12,10.262303,0.10116,10.365191,0.0,8.468105,
571,12,12.487643,0.102696,12.592003,0.0,10.384777,
572,12,8.569169,0.103176,8.673976999999999,0.0,12.613637,
573,12,7.811121,0.097096,7.909849,0.0,8.691835,
574,12,7.767181,0.923886,8.692603,0.0,7.931291,
575,12,7.784303,0.102472,7.888759,0.0,8.712573,
576,12,7.557852,0.173006,7.732425999999999,0.0,7.908313,
577,12,7.962686,0.102824,8.067238,0.0,7.752204,
578,12,7.560316,0.098792,7.660676,0.0,8.08452,
579,12,7.600479,0.09828,7.700391,0.0,7.678726,
580,12,7.832659,0.099657,7.934844,0.0,7.780942,
581,12,8.248918,0.125643,8.378433,0.0,7.998785,
582,12,8.235444,0.14382,8.381057,0.0,8.400546,
583,12,7.520537,0.166094,7.688199,0.0,8.401955,
584,12,7.554235,0.099753,7.659941,0.0,7.75614,
585,12,9.08182,0.107593,9.191365,0.0,7.67687,
586,12,7.93158,0.106441,8.080584,0.0,9.211623,
587,12,8.68537,0.115146,8.80298,0.0,8.117867,
588,12,7.893112,0.11761,8.014306000000001,0.0,8.916974,
589,12,7.929403,0.100936,8.032547,0.0,8.037252,
590,12,12.553152,0.154189,12.709165,0.0,8.053509,
591,12,7.713993,0.105353,7.821554,0.0,12.731407,
592,12,7.652324,0.104937,7.759309,0.0,7.838035,
593,12,7.718537,0.161518,7.882615,0.0,7.846388,
594,12,9.706704,0.106761,9.815353,0.0,7.902521,
595,12,7.920698,1.154401,9.076955,0.0,9.833403,
596,12,11.375869,0.149772,11.574701,0.0,9.098781,
597,12,8.522349,0.177871,8.702204,0.0,11.596047,
598,12,7.528889,0.159694,7.690375,0.0,8.726014,
599,12,7.465012,0.101257,7.568349,0.0,7.716649,
600,12,8.15227,0.107593,8.262295,0.0,7.586142,
601,12,10.378729,0.1018,10.482448999999999,0.0,8.282713,
602,12,10.777834,0.100617,10.924407,0.0,10.501139,
603,12,7.81493,0.102952,7.919706000000001,0.0,10.941976,
604,12,14.869731,0.391265,15.262564,0.0,7.939708,
605,12,9.613417,0.114441,9.732178,0.0,15.405904,
606,12,8.602451,0.12113,8.726654,0.0,9.829306,
607,12,7.556988,0.116777,7.675493,0.0,8.744224,
608,12,8.491242,0.109834,8.603348,0.0,7.694407,
609,12,9.593414,0.506987,10.112274,0.0,9.747252,
610,12,9.491806,0.110185,9.604071000000001,0.0,10.134228,
611,12,7.520472,0.107817,7.630177,0.0,9.627945,
612,12,7.48911,0.106248,7.5974379999999995,0.0,7.652003,
613,12,8.930063,0.127691,9.05961,0.0,7.617728,
614,12,8.03242,0.126218,8.160525999999999,0.0,9.079931,
615,12,8.855913,0.103784,8.962513,0.0,8.184016,
616,12,8.117867,0.118986,8.238517000000002,0.0,8.983219,
617,12,8.20117,0.10564,8.30841,0.0,8.257974,
618,12,8.013122,0.174254,8.190032,0.0,8.32838,
619,12,11.39507,0.149132,11.546538,0.0,8.23058,
620,12,7.729898,0.113385,7.845555000000001,0.0,11.576685,
621,12,8.237109,0.11633,8.355263,0.0,7.870453,
622,12,8.387905,0.095784,8.485674,0.0,8.378016,
623,12,7.706407,0.105705,7.814191999999999,0.0,8.507916,
624,12,7.599487,0.125387,7.72705,0.0,7.838002,
625,12,7.947516,0.103689,8.053285,0.0,7.751532,
626,12,8.882123,0.204241,9.088188,0.0,8.074214,
627,12,8.13934,0.493866,8.635093999999999,0.0,9.113022,
628,12,7.690726,0.113449,7.806896,0.0,8.662584,
629,12,7.811441,0.110057,7.923418,0.0,7.82725,
630,12,8.478313,0.124874,8.61906,0.0,9.791735,
631,12,9.837083,0.110057,9.948868,0.0,8.64111,
632,12,7.703496,0.101672,7.807024,0.0,9.97031,
633,12,7.56838,0.104201,7.6746289999999995,0.0,7.825362,
634,12,11.859813,0.103401,11.96539,0.0,7.699879,
635,12,8.236628,0.09716,8.335452,0.0,11.986544,
636,12,10.129683,0.108777,10.240253,0.0,8.351165,
637,12,7.641059,0.10292,7.746251,0.0,10.290337,
638,12,7.617184,0.108521,7.727625,0.0,7.766765,
639,12,11.915434,0.176271,12.093721,0.0,7.749003,
640,12,8.505547,0.099208,8.606770999999998,0.0,12.116635,
641,12,9.282604,0.098856,9.38354,0.0,8.624821,
642,12,7.649507,0.10084,7.752171000000001,0.0,9.40191,
643,12,7.573469,0.091047,7.666436,0.0,7.771309,
644,12,7.695143,0.158445,7.855443999999999,0.0,7.686438,
645,12,7.697319,0.095272,7.802608,0.0,7.959741,
646,12,7.659011,0.094568,7.758732,0.0,7.844915,
647,12,7.95558,0.127979,8.085063,0.0,7.774094,
648,12,7.579453,0.10084,7.68183,0.0,8.101992,
649,12,7.786414,0.154381,7.942459,0.0,7.699272,
650,12,10.46312,0.264982,10.733286,0.0,7.964573,
651,12,9.812024,0.11457,9.930114999999999,0.0,10.796491,
652,12,11.236017,0.108617,11.346522,0.0,9.958693,
653,12,8.173775,0.138636,8.314587,0.0,11.370876,
654,12,7.725129,1.242217,8.969426,0.0,8.339453,
655,12,7.639106,0.101544,7.742891,0.0,9.000756,
656,12,7.504407,0.102601,7.60896,0.0,7.768365,
657,12,7.528984,0.104521,7.63853,0.0,7.648899,
658,12,7.743243,0.163949,7.909688,0.0,7.727946,
659,12,7.686854,0.11537,7.804272,0.0,7.930426,
660,12,8.008609,0.203985,8.214642,0.0,7.827794,
661,12,7.684422,0.106153,7.792495,0.0,8.2365,
662,12,8.102729,0.103177,8.208018,0.0,7.816881,
663,12,7.97235,0.106537,8.080934999999998,0.0,8.277656,
664,12,8.260182,0.178095,8.440133000000001,0.0,8.102377,
665,12,14.356023,0.140299,14.498146,0.0,8.460903,
666,12,12.260839,0.111177,12.373712,0.0,14.517796,
667,12,9.751571,0.26495,10.019306,0.0,13.423304,
668,12,7.950588,0.230356,8.182928,0.0,10.0379,
669,12,8.828966,0.104649,8.935567,0.0,8.201681,
670,12,8.136332,0.100552,8.238548,0.0,8.954257,
671,12,7.724649,0.106441,7.837715,0.0,8.537805,
672,12,11.2773,0.101128,11.380635999999999,0.0,7.855541,
673,12,7.646051,0.0994,7.747531,0.0,11.40243,
674,12,8.213299,0.538925,8.754432,0.0,7.771213,
675,12,8.668313,0.102216,8.772769,0.0,8.77901,
676,12,8.354462,0.307226,8.663640000000001,0.0,8.836263,
677,12,14.400859,0.114505,14.672913,0.0,8.69145,
678,12,8.070406,0.21477,8.287576,0.0,14.739735,
679,12,14.77289,0.146124,14.920869999999999,0.0,8.310714,
680,12,7.768109,0.107209,7.884983,0.0,16.344926,
681,12,10.275071,1.973926,12.255686,0.0,8.722013,
682,12,7.981119,0.104777,8.087912,0.0,12.276648,
683,12,7.836819,0.110505,7.948828,0.0,8.103753,
684,12,14.516996,0.139148,14.658736000000001,0.0,8.030467,
685,12,8.562287,0.101673,8.66572,0.0,14.678866,
686,12,17.337329,0.114122,17.453307000000002,0.0,8.687802,
687,12,8.321275,0.185488,8.508716,0.0,17.475676,
688,12,12.419219,0.110602,12.531582,0.0,8.531149,
689,12,8.291353,0.169742,8.463079,0.0,12.554272,
690,12,7.824946,0.107241,7.9344589999999995,0.0,8.485065,
691,12,9.770645,0.09476,9.86723,0.0,7.956732,
692,12,7.629505,0.100521,7.7343459999999995,0.0,9.889248,
693,12,7.797264,0.109065,7.908537,0.0,7.753579,
694,12,16.552815,0.122187,16.67753,0.0,7.932027,
695,12,7.964125,0.117226,8.083271,0.0,16.704252,
696,12,7.62256,0.102633,7.726922,0.0,8.109897,
697,12,8.312571,0.143276,8.458791,0.0,7.812145,
698,12,11.352282,0.09876,11.453058,0.0,8.480649,
699,12,7.656259,0.098537,7.756748,0.0,11.47066,
700,12,7.587902,0.114186,7.703976000000001,0.0,7.773869,
701,12,8.106282,0.105961,8.214067,0.0,7.723913,
702,12,7.646466,0.21589,7.863956999999999,0.0,8.23442,
703,12,9.188356,0.115081,9.30507,0.0,7.888631,
704,12,9.222919,0.100136,9.325072,0.0,9.3276,
705,12,7.519992,0.094312,7.6160000000000005,0.0,9.344466,
706,12,7.622049,0.134411,7.758604,0.0,7.632065,
707,12,8.220691,0.109961,8.332315999999999,0.0,7.780366,
708,12,8.066854,0.101672,8.171727,0.0,8.415299,
709,12,7.563132,0.123018,7.688038000000001,0.0,8.192465,
710,12,7.717449,0.116682,7.837202999999999,0.0,7.781326,
711,12,8.038724,0.12385,8.164494,0.0,7.857332,
712,12,8.09236,0.133484,8.227316,0.0,8.184944,
713,12,7.842291,0.09812,7.944572000000001,0.0,8.247893,
714,12,7.765388,0.094184,7.862101,0.0,7.962333,
715,12,7.550875,0.1018,7.654531,0.0,7.883735,
716,12,7.752268,0.102921,7.8571409999999995,0.0,7.675493,
717,12,8.522925,0.147372,8.672185,0.0,7.876406,
718,12,7.673957,0.106377,7.782382,0.0,8.696443,
719,12,8.918702,0.100136,9.020790000000002,0.0,7.805392,
720,12,8.039811,0.101865,8.143788,0.0,9.054617,
721,12,10.972986,0.100808,11.075842000000002,0.0,8.206673,
722,12,7.595966,0.098792,7.696678,0.0,11.093412,
723,12,9.050489,0.167598,9.220743,0.0,7.769612,
724,12,7.705095,0.104521,7.8118240000000005,0.0,9.247337,
725,12,9.179939,0.565967,9.747667,0.0,7.829937,
726,12,10.293184,0.104649,10.400072999999999,0.0,9.766645,
727,12,9.034583,0.128458,9.164897,0.0,10.419275,
728,12,15.112373,0.101449,15.21555,0.0,9.182659,
729,12,13.687038,0.101256,13.791206,0.0,15.264386,
730,12,8.508651,0.102504,8.612947,0.0,13.810216,
731,12,8.043076,0.127051,8.172687,0.0,8.672376,
732,12,10.911764,0.1403,11.103109,0.0,8.19576,
733,12,7.483989,0.101768,7.587325,0.0,11.125959,
734,12,8.898828,0.115017,9.046711,0.0,7.605343,
735,12,8.572432,0.163406,8.737566000000001,0.0,9.067961,
736,12,11.951692,0.131371,12.086454999999999,0.0,8.827718,
737,12,7.760172,0.113065,7.876085,0.0,12.159549,
738,12,12.500378,0.107145,12.616612,0.0,8.949935,
739,12,8.439173,0.110825,8.552046,0.0,12.638598,
740,12,9.796407,0.108361,9.906944000000001,0.0,8.5748,
741,12,8.469159,0.110122,8.581297,0.0,9.927618,
742,12,7.786254,0.46183,8.249972,0.0,8.604755,
743,12,9.719953,0.10068,9.822681,0.0,8.272886,
744,12,7.834642,0.169582,8.00576,0.0,9.839163,
745,12,7.655683,0.17243,7.829809999999999,0.0,8.022881,
746,12,7.766476,0.106185,7.874357,0.0,7.84946,
747,12,7.538489,0.102537,7.642786,0.0,7.894135,
748,12,8.221011,0.099432,8.322331,0.0,7.662435,
749,12,8.024546,0.105737,8.133035,0.0,8.414435,
750,12,7.555163,0.102344,7.659459,0.0,8.157229,
751,12,8.306362,0.11905,8.4273,0.0,7.681893,
752,12,7.697639,0.116905,7.816656,0.0,8.452326,
753,12,9.334512,0.112234,9.44841,0.0,7.838258,
754,12,12.314218,0.100873,12.416851,0.0,9.471164,
755,12,7.611359,0.101672,7.718088,0.0,12.436852,
756,12,7.931163,0.106729,8.040291999999999,0.0,7.73953,
757,12,10.534613,0.114153,10.660607,0.0,12.616196,
758,12,7.829745,0.106409,7.93961,0.0,10.689442,
759,12,7.587326,0.225266,7.814959999999999,0.0,7.960796,
760,12,8.134123,0.098057,8.235252000000001,0.0,7.845235,
761,12,7.499446,0.232756,7.734218,0.0,8.254837,
762,12,8.344412,0.112458,8.459815,0.0,7.812432,
763,12,11.876229,0.131243,12.009008,0.0,8.478697,
764,12,8.417859,0.103528,8.523212000000001,0.0,12.036434,
765,12,13.237687,0.226739,13.465931000000001,0.0,8.538413,
766,12,10.528564,0.277943,10.808107000000001,0.0,13.492046,
767,12,8.634805,0.104745,8.741054,0.0,10.828173,
768,12,8.147788,1.66254,9.811831999999999,0.0,8.757504,
769,12,8.016225,0.104009,8.122186,0.0,9.839226,
770,12,7.597854,0.193552,7.792910999999999,0.0,8.139819,
771,12,8.202417,0.103272,8.310874,0.0,8.119722,
772,12,12.483289,0.106985,12.593378000000001,0.0,8.415779,
773,12,10.379624,0.131083,10.512307,0.0,12.608963,
774,12,8.637813,0.580401,9.221126,0.0,10.626589,
775,12,8.028963,0.099976,8.132458999999999,0.0,9.373843,
776,12,7.731818,0.129578,7.869075999999999,0.0,8.306234,
777,12,7.510231,0.106921,7.619808,0.0,7.890934,
778,12,7.895063,0.956849,8.85444,0.0,7.64269,
779,12,7.673764,0.125867,7.802830999999999,0.0,8.888587,
780,12,7.830353,0.114698,7.958237,0.0,9.369074,
781,12,8.837574,0.119595,8.960144999999999,0.0,7.983711,
782,12,8.105576,0.1443,8.251989,0.0,8.98277,
783,12,12.346509,0.106697,12.455093999999999,0.0,8.272919,
784,12,7.652291,0.099912,7.7538030000000004,0.0,12.474936,
785,12,7.912088,0.102793,8.016418000000002,0.0,7.770476,
786,12,7.76702,0.175023,7.943548,0.0,8.035939,
787,12,11.340921,0.161165,11.50407,0.0,7.963101,
788,12,7.599742,0.101353,7.705158999999999,0.0,11.593422,
789,12,7.806927,0.128235,7.936667,0.0,7.722952,
790,12,9.86806,0.109482,9.979046,0.0,7.955229,
791,12,12.671721,0.10532,12.778641,0.0,9.997063,
792,12,7.78107,0.105545,7.888439000000001,0.0,12.799315,
793,12,8.465063,0.1491,8.616244,0.0,7.910456,
794,12,8.580337,0.099336,8.681849,0.0,8.641718,
795,12,7.723625,0.385408,8.111080999999999,0.0,8.701211,
796,12,7.726441,0.096072,7.824688999999999,0.0,8.130763,
797,12,8.195824,5.872174,14.072606,0.0,7.843347,
798,12,8.275031,0.160269,8.438533,0.0,14.10784,
799,12,9.221831,0.104585,9.32856,0.0,8.462631,
800,12,9.025205,0.144269,9.171971,0.0,9.348049,
801,12,9.78159,0.208177,9.993287,0.0,9.260074,
802,12,7.780782,0.117578,7.900183999999999,0.0,10.015241,
803,12,8.420931,0.09252,8.515244,0.0,7.921081,
804,12,10.062446,0.167246,10.354534000000001,0.0,8.532109,
805,12,8.053732,0.109161,8.16443,0.0,10.376199,
806,12,10.998395,1.119038,12.119065,0.0,8.18152,
807,12,12.09292,0.192016,12.287080000000001,0.0,12.142651,
808,12,8.515627,0.107785,8.625524,0.0,12.308202,
809,12,9.318159,0.102344,9.422295,0.0,8.644662,
810,12,7.585981,0.097256,7.685381,0.0,9.439449,
811,12,7.965949,0.099048,8.066725,0.0,7.701959,
812,12,7.819984,0.159854,7.981566000000001,0.0,8.083591,
813,12,7.826577,0.104777,7.933625999999999,0.0,8.002048,
814,12,7.7154,0.762336,8.480488,0.0,8.013601,
815,12,7.820561,0.119498,7.942139000000001,0.0,8.505226,
816,12,8.062949,0.112105,8.176718,0.0,7.963229,
817,12,8.799684,0.107017,8.908397,0.0,8.19944,
818,12,7.796686,0.553647,8.354718,0.0,8.929678,
819,12,14.101409,0.101512,14.205193,0.0,8.379584,
820,12,8.396097,0.102409,8.500138000000002,0.0,14.225227,
821,12,7.92537,0.111753,8.038563,0.0,8.519307,
822,12,12.331372,0.097128,12.430484,0.0,8.057509,
823,12,8.973234,0.14974,9.12547,0.0,12.475864,
824,12,7.651651,0.174638,7.828017,0.0,9.145984,
825,12,7.871125,0.137996,8.010977,0.0,7.845523,
826,12,8.189232,0.159821,8.350876999999999,0.0,8.026274,
827,12,9.638185,0.109481,9.751249999999999,0.0,8.465991,
828,12,15.006988,0.180783,15.189499,0.0,9.77458,
829,12,8.404897,0.112074,8.518571000000001,0.0,15.209469,
830,12,7.722984,0.101577,7.826385,0.0,8.535788,
831,12,7.795502,0.096424,7.893717999999999,0.0,7.846195,
832,12,8.486696,0.161518,8.650038,0.0,7.91292,
833,12,10.765544,0.126762,10.894098,0.0,8.668407,
834,12,8.199664,0.159502,8.360990000000001,0.0,10.912436,
835,12,8.398497,0.09348,8.493577,0.0,8.377919,
836,12,8.3896,0.100296,8.491593,0.0,8.511402,
837,12,7.849075,0.110633,7.961372,0.0,8.512043,
838,12,7.684869,0.102152,7.788909,0.0,7.98419,
839,12,8.601042,0.431973,9.037047,0.0,7.808047,
840,12,11.487428,0.099785,11.590988999999999,0.0,9.135839,
841,12,10.68736,0.11089,10.800298999999999,0.0,11.612526,
842,12,7.67402,0.091303,7.767467,0.0,10.821741,
843,12,8.352477,0.091496,8.446021,0.0,7.785933,
844,12,8.364446,0.096168,8.462918,0.0,8.467623,
845,12,7.969213,0.100392,8.072709000000001,0.0,8.53358,
846,12,8.907692,0.391649,9.300908999999999,0.0,8.093927,
847,12,9.829273,0.12417,9.955363,0.0,9.324303,
848,12,8.165773,0.094504,8.261973000000001,0.0,9.973893,
849,12,8.315738,0.159821,8.477063,0.0,8.279063,
850,12,8.811203,1.131135,9.943971,0.0,8.494024,
851,12,8.195312,0.188335,8.385631,0.0,9.964133,
852,12,7.830769,0.225875,8.058308,0.0,8.406721,
853,12,9.987046,0.220979,10.210937,0.0,8.148268,
854,12,7.951163,0.142092,8.094856,0.0,10.229274,
855,12,8.628628,0.101192,8.731613,0.0,8.113193,
856,12,9.299116,0.120522,9.421398,0.0,8.748639,
857,12,7.579708,0.147277,7.732616999999999,0.0,9.640201,
858,12,7.660931,0.111146,7.773965,0.0,7.750954,
859,12,7.758315,0.177295,7.937402,0.0,7.792462,
860,12,7.714215,0.116874,7.836146,0.0,7.960956,
861,12,8.037954,0.133932,8.174158,0.0,7.856212,
862,12,7.811311,0.100521,7.914137,0.0,8.195663,
863,12,7.847443,0.102505,7.953404000000001,0.0,7.967645,
864,12,8.302361,0.181839,8.487944,0.0,8.026146,
865,12,8.004512,0.104713,8.111305,0.0,8.515018,
866,12,7.59331,0.153965,7.750475,0.0,8.195728,
867,12,7.774348,0.099592,7.875541,0.0,7.773196,
868,12,7.485364,0.125195,7.612319,0.0,7.893495,
869,12,7.717032,0.390561,8.109257,0.0,7.62864,
870,12,7.771949,0.198608,7.972061000000001,0.0,8.12849,
871,12,12.546781,0.137772,12.686409,0.0,7.991199,
872,12,7.72676,0.101673,7.83013,0.0,12.708042,
873,12,9.739505,0.103849,9.845339,0.0,7.850931,
874,12,15.951386,0.107337,16.061059999999998,0.0,9.866684,
875,12,7.635425,0.11697,7.754091,0.0,16.083718,
876,12,9.203876,0.347677,9.596100999999999,0.0,7.776845,
877,12,11.556618,0.164942,11.725112,0.0,9.771796,
878,12,8.335996,0.116554,8.454374000000001,0.0,11.749114,
879,12,14.043675,0.129226,14.175749,0.0,8.540845,
880,12,16.212368,0.934575,17.148799999999998,0.0,14.197927,
881,12,10.728453,0.114089,10.847598,0.0,17.174658,
882,12,8.46039,0.099336,8.570767,0.0,12.837589,
883,12,7.469747,0.131467,7.603518,0.0,8.590993,
884,12,15.876565,0.114281,15.99283,0.0,7.623552,
885,12,11.513478,0.102249,11.617935,0.0,16.014016,
886,12,8.111593,0.283832,8.397601,0.0,11.642705,
887,12,7.7194,0.103784,7.826929,0.0,8.418274,
888,12,7.875349,0.203985,8.081126,0.0,7.843923,
889,12,15.145815,0.173423,15.32151,0.0,8.113865,
890,12,10.426668,0.108617,10.536949,0.0,15.342215,
891,12,8.50753,0.163694,8.673592000000001,0.0,10.578456,
892,12,7.692326,0.098376,7.7933259999999995,0.0,8.707195,
893,12,10.1517,0.143116,10.296672999999998,0.0,7.811343,
894,12,7.941979,0.173486,8.117353000000001,0.0,10.313442,
895,12,8.396736,0.369984,8.768256000000001,0.0,8.134475,
896,12,12.871833,0.105704,12.979361,0.0,8.787969,
897,12,13.548497,0.105225,13.65513,0.0,12.996355,
898,12,13.067945,0.107017,13.176914,0.0,13.678204,
899,12,14.916771,0.113898,15.032302000000001,0.0,13.197331,
900,12,9.319278,0.105737,9.426583,0.0,15.053424,
901,12,7.625119,0.101961,7.728681,0.0,9.444792,
902,12,8.58296,0.102537,8.689786,0.0,7.74529,
903,12,11.317462,0.110185,11.429439,0.0,8.706395,
904,12,10.240571,0.112554,10.356100999999999,0.0,11.494885,
905,12,9.940258,0.110506,10.053708,0.0,10.439916,
906,12,15.124821,0.115786,15.242399,0.0,10.076814,
907,12,8.062277,0.099208,8.163629,0.0,15.269409,
908,12,7.747339,0.099464,7.849043,0.0,8.186255,
909,12,8.129578,0.211602,8.342844,0.0,7.869333,
910,12,17.877533,0.118602,17.998279,0.0,8.441988,
911,12,7.673476,0.107241,7.782157,0.0,18.017416,
912,12,7.987518,0.181232,8.170446,0.0,7.800655,
913,12,8.104233,0.103912,8.209841,0.0,8.190287,
914,12,9.503966,0.138059,9.646920999999999,0.0,8.451654,
915,12,9.452217,0.123242,9.576931,0.0,9.665099,
916,12,8.087078,0.152045,8.240788,0.0,9.600741,
917,12,8.034722,0.179631,8.215857,0.0,8.260246,
918,12,9.337872,2.98233,12.324842,0.0,8.405057,
919,12,7.711688,0.108713,7.822704999999999,0.0,12.358925,
920,12,7.87711,0.101768,7.981086,0.0,7.876629,
921,12,7.437392,0.097864,7.536855999999999,0.0,8.002016,
922,12,8.270006,0.331804,8.603442,0.0,7.558458,
923,12,8.511594,0.104073,8.620052,0.0,8.626548,
924,12,8.556142,0.113898,8.672407999999999,0.0,8.638037,
925,12,8.257941,0.104169,8.364414,0.0,8.694266,
926,12,7.602142,0.1026,7.706887,0.0,8.384415,
927,12,7.425743,0.097512,7.525526999999999,0.0,7.726953,
928,12,8.208017,0.108521,8.319418,0.0,7.634273,
929,12,9.363378,0.151148,9.516862,0.0,8.340796,
930,12,7.894295,0.105704,8.001695,0.0,9.535616,
931,12,7.57398,0.119434,7.697286,0.0,8.125866,
932,12,7.571003,0.287224,7.859891000000001,0.0,7.714503,
933,12,8.807299,0.459526,9.268521,0.0,7.878421,
934,12,10.642685,0.110153,10.755654,0.0,9.289003,
935,12,9.043958,0.105385,9.15136,0.0,10.773511,
936,12,10.980472,0.156238,11.138375,0.0,9.169857,
937,12,7.931673,0.207538,8.141035,0.0,11.15668,
938,12,7.935321,0.28956,8.226738000000001,0.0,8.159692,
939,12,9.098843,0.110953,9.212612,0.0,8.31513,
940,12,7.688517,0.112457,7.802766,0.0,9.23159,
941,12,7.874004,0.134444,8.010176000000001,0.0,7.82136,
942,12,12.16742,0.119434,12.288775,0.0,8.030817,
943,12,10.557717,0.18856,10.747973,0.0,12.308841,
944,12,7.845746,0.123402,7.97318,0.0,10.767751,
945,12,7.921528,0.165614,8.08935,0.0,7.992734,
946,12,7.729449,0.110409,7.8415859999999995,0.0,8.113,
947,12,7.972701,0.111273,8.086022,0.0,7.862676,
948,12,7.842738,0.115209,7.960122999999999,0.0,8.106664,
949,12,8.475079,0.130827,8.607826000000001,0.0,7.979613,
950,12,12.781648,1.032918,13.816583,0.0,8.628467,
951,12,9.769908,0.341724,10.113296,0.0,13.839529,
952,12,11.988493,0.115946,12.106135,0.0,10.132754,
953,12,9.03439,0.109545,9.145695,0.0,12.125785,
954,12,8.780993,0.154989,8.937581999999999,0.0,9.164384,
955,12,8.298295,0.319163,8.619219,0.0,8.955599,
956,12,8.025473,0.09956,8.126857,0.0,8.637749,
957,12,8.85255,0.107241,8.962318999999999,0.0,8.213457,
958,12,9.570531,0.16731,9.739921,0.0,8.981169,
959,12,7.880085,0.105481,7.9873259999999995,0.0,9.75861,
960,12,7.53468,0.097032,7.633248,0.0,8.007008,
961,12,7.698597,0.17019,7.870547999999999,0.0,7.651425,
962,12,8.113289,0.093863,8.209296,0.0,7.888662,
963,12,9.698445,0.154861,9.854906,0.0,8.22549,
964,12,9.771827,0.106601,9.880252,0.0,9.872252,
965,12,12.021616,0.09956,12.125881,0.0,9.916063,
966,12,8.094727,0.103624,8.200687,0.0,12.143323,
967,12,7.540281,0.098984,7.641153,0.0,8.219409,
968,12,10.962807,0.189008,11.153832000000001,0.0,7.659618,
969,12,8.305913,0.104328,8.421090000000001,0.0,11.790813,
970,12,8.300984,0.170126,8.474023,0.0,8.562414,
971,12,7.992414,0.094088,8.089702,0.0,8.541517,
972,12,8.33337,0.136236,8.471239,0.0,8.106087,
973,12,10.126674,1.514815,11.643057,0.0,8.48676,
974,12,8.187887,0.095048,8.285271,0.0,11.66357,
975,12,8.178318,0.108937,8.289143000000001,0.0,8.302937,
976,12,7.817775,0.163694,7.983069,0.0,8.310905,
977,12,8.932813,0.124075,9.058807999999999,0.0,8.004799,
978,12,7.945531,0.111241,8.058564,0.0,9.078809,
979,12,7.742953,0.107273,7.851986,0.0,8.07975,
980,12,7.565403,0.101,7.668131,0.0,7.86962,
981,12,8.906154,0.232788,9.140671,0.0,7.685476,
982,12,7.94601,2.496657,10.444268,0.0,9.15776,
983,12,9.51619,0.195152,9.715087,0.0,10.551317,
984,12,7.875605,0.108841,7.987358,0.0,9.762771,
985,12,8.936461,0.104233,9.042678,0.0,8.031106,
986,12,7.816208,0.110665,7.931449,0.0,9.065528,
987,12,7.938842,0.104169,8.045762999999999,0.0,7.954747,
988,12,8.501769,1.936642,10.440843,0.0,8.070149,
989,12,11.742649,0.117802,11.863746999999998,0.0,10.469038,
990,12,8.98053,0.105768,9.088026000000001,0.0,11.882884,
991,12,8.457829,0.108009,8.569839,0.0,9.255176,
992,12,7.614846,0.109225,7.726120000000001,0.0,8.596049,
993,12,7.616319,0.106889,7.725128000000001,0.0,7.755435,
994,12,10.105328,3.430079,13.537327,0.0,7.741769,
995,12,8.686553,0.107145,8.79597,0.0,13.558673,
996,12,8.911915,0.131916,9.048983,0.0,8.96152,
997,12,7.801934,0.113194,7.916728,0.0,9.074201,
998,12,8.452581,0.154573,8.60885,0.0,7.936153,
999,12,10.249916,0.209137,10.461197,0.0,8.632148,
